{
  "version": 1,
  "author": "Victor Hayashi",
  "editor": "wokwi",
  "parts": [
    { "type": "board-esp32-s3-devkitc-1", "id": "esp", "top": 0, "left": 0, "attrs": {} },
    { "type": "wokwi-led", "id": "led1", "top": 102, "left": 195.8, "attrs": { "color": "red" } },
    {
      "type": "wokwi-resistor",
      "id": "r1",
      "top": 90.35,
      "left": 144,
      "attrs": { "value": "1000" }
    },
    {
      "type": "wokwi-resistor",
      "id": "r3",
      "top": 13.55,
      "left": 278.4,
      "attrs": { "value": "1000" }
    },
    {
      "type": "wokwi-led",
      "id": "led2",
      "top": 102,
      "left": 234.2,
      "attrs": { "color": "green" }
    },
    {
      "type": "wokwi-led",
      "id": "led3",
      "top": 102,
      "left": 282.2,
      "attrs": { "color": "yellow" }
    },
    {
      "type": "wokwi-pushbutton",
      "id": "btn1",
      "top": 63.8,
      "left": -182.4,
      "attrs": { "color": "grey", "bounce": "1" }
    },
    {
      "type": "wokwi-photoresistor-sensor",
      "id": "ldr1",
      "top": 12.8,
      "left": -440.8,
      "attrs": {}
    },
    {
      "type": "wokwi-resistor",
      "id": "r2",
      "top": 61.55,
      "left": 211.2,
      "attrs": { "value": "1000" }
    },
    {
      "type": "wokwi-resistor",
      "id": "r5",
      "top": 90.65,
      "left": -78.2,
      "rotate": 180,
      "attrs": { "value": "1000" }
    }
  ],
  "connections": [
    [ "esp:TX", "$serialMonitor:RX", "", [] ],
    [ "esp:RX", "$serialMonitor:TX", "", [] ],
    [ "ldr1:GND", "esp:GND.1", "black", [ "h19.2", "v239.6", "h211.2", "v-48" ] ],
    [ "btn1:1.r", "esp:RST", "red", [ "v0", "h57.8", "v-28.8" ] ],
    [ "ldr1:DO", "esp:4", "orange", [ "h172.8", "v9" ] ],
    [ "led3:C", "esp:GND.1", "black", [ "v0" ] ],
    [ "esp:40", "r1:1", "red", [ "h0" ] ],
    [ "r1:2", "led1:A", "red", [ "h27.6", "v48" ] ],
    [ "led1:C", "esp:GND.4", "black", [ "h0.4", "v134.58" ] ],
    [ "esp:2", "r2:1", "green", [ "h0" ] ],
    [ "r2:2", "led2:A", "green", [ "v0" ] ],
    [ "led2:C", "esp:GND.4", "black", [ "v0" ] ],
    [ "r3:1", "esp:9", "gold", [ "h-153.6", "v144.18" ] ],
    [ "r3:2", "led3:A", "gold", [ "v0" ] ],
    [ "btn1:2.r", "r5:2", "green", [ "h0" ] ],
    [ "r5:1", "esp:18", "green", [ "h0", "v19.2" ] ],
    [ "btn1:2.l", "esp:GND.1", "black", [ "v105.8", "h187.48" ] ]
  ],
  "dependencies": {}
}